{"cameraMode":{"drawMode":0,"name":"Shaded","section":"Shading Mode"},"sceneLighting":true,"audioPlay":false,"sceneViewState":{"showFog":true,"showMaterialUpdate":false,"showSkybox":true,"showFlares":true,"showImageEffects":true,"showParticleSystems":true,"showVisualEffectGraphs":true,"m_FxEnabled":true},"in2DMode":false,"pivot":{"x":-7.9763288497924809,"y":-0.5747592449188232,"z":-16.334665298461915},"rotation":{"x":-0.011440761387348175,"y":0.9878791570663452,"z":-0.08945830911397934,"w":-0.12633943557739259},"size":10.95005989074707,"orthographic":false}